id,tenant_id,employee_id,legal_entity_id,starts_on,is_active,source
a0000008-0008-4008-8008-000000000001,a0000001-0001-4001-8001-000000000001,a0000006-0006-4006-8006-000000000001,a0000002-0002-4002-8002-000000000001,2026-01-01,true,bootstrap
a0000008-0008-4008-8008-000000000002,a0000001-0001-4001-8001-000000000001,a0000006-0006-4006-8006-000000000002,a0000002-0002-4002-8002-000000000001,2026-01-01,true,bootstrap
a0000008-0008-4008-8008-000000000003,a0000001-0001-4001-8001-000000000001,a0000006-0006-4006-8006-000000000003,a0000002-0002-4002-8002-000000000001,2026-01-01,true,bootstrap
a0000008-0008-4008-8008-000000000004,a0000001-0001-4001-8001-000000000001,a0000006-0006-4006-8006-000000000004,a0000002-0002-4002-8002-000000000001,2026-01-01,true,bootstrap
a0000008-0008-4008-8008-000000000005,a0000001-0001-4001-8001-000000000001,a0000006-0006-4006-8006-000000000005,a0000002-0002-4002-8002-000000000001,2026-01-01,true,bootstrap
a0000008-0008-4008-8008-000000000006,a0000001-0001-4001-8001-000000000001,a0000006-0006-4006-8006-000000000006,a0000002-0002-4002-8002-000000000001,2026-01-01,true,bootstrap
a0000008-0008-4008-8008-000000000007,a0000001-0001-4001-8001-000000000001,a0000006-0006-4006-8006-000000000007,a0000002-0002-4002-8002-000000000001,2026-01-01,true,bootstrap
a0000008-0008-4008-8008-000000000008,a0000001-0001-4001-8001-000000000001,a0000006-0006-4006-8006-000000000008,a0000002-0002-4002-8002-000000000001,2026-01-01,true,bootstrap
a0000008-0008-4008-8008-000000000009,a0000001-0001-4001-8001-000000000001,a0000006-0006-4006-8006-000000000009,a0000002-0002-4002-8002-000000000001,2026-01-01,true,bootstrap
a0000008-0008-4008-8008-000000000010,a0000001-0001-4001-8001-000000000001,a0000006-0006-4006-8006-000000000010,a0000002-0002-4002-8002-000000000001,2026-01-01,true,bootstrap
a0000008-0008-4008-8008-000000000011,a0000001-0001-4001-8001-000000000001,a0000006-0006-4006-8006-000000000011,a0000002-0002-4002-8002-000000000001,2026-01-01,true,bootstrap
a0000008-0008-4008-8008-000000000012,a0000001-0001-4001-8001-000000000001,a0000006-0006-4006-8006-000000000012,a0000002-0002-4002-8002-000000000001,2026-01-01,true,bootstrap
a0000008-0008-4008-8008-000000000013,a0000001-0001-4001-8001-000000000001,a0000006-0006-4006-8006-000000000013,a0000002-0002-4002-8002-000000000001,2026-01-01,true,bootstrap
a0000008-0008-4008-8008-000000000014,a0000001-0001-4001-8001-000000000001,a0000006-0006-4006-8006-000000000014,a0000002-0002-4002-8002-000000000001,2026-01-01,true,bootstrap
a0000008-0008-4008-8008-000000000015,a0000001-0001-4001-8001-000000000001,a0000006-0006-4006-8006-000000000015,a0000002-0002-4002-8002-000000000001,2026-01-01,true,bootstrap
a0000008-0008-4008-8008-000000000016,a0000001-0001-4001-8001-000000000001,a0000006-0006-4006-8006-000000000016,a0000002-0002-4002-8002-000000000001,2026-01-01,true,bootstrap
a0000008-0008-4008-8008-000000000017,a0000001-0001-4001-8001-000000000001,a0000006-0006-4006-8006-000000000017,a0000002-0002-4002-8002-000000000001,2026-01-01,true,bootstrap
a0000008-0008-4008-8008-000000000018,a0000001-0001-4001-8001-000000000001,a0000006-0006-4006-8006-000000000018,a0000002-0002-4002-8002-000000000001,2026-01-01,true,bootstrap
a0000008-0008-4008-8008-000000000019,a0000001-0001-4001-8001-000000000001,a0000006-0006-4006-8006-000000000019,a0000002-0002-4002-8002-000000000001,2026-01-01,true,bootstrap
a0000008-0008-4008-8008-000000000020,a0000001-0001-4001-8001-000000000001,a0000006-0006-4006-8006-000000000020,a0000002-0002-4002-8002-000000000001,2026-01-01,true,bootstrap
a0000008-0008-4008-8008-000000000021,a0000001-0001-4001-8001-000000000001,a0000006-0006-4006-8006-000000000021,a0000002-0002-4002-8002-000000000001,2026-01-01,true,bootstrap
a0000008-0008-4008-8008-000000000022,a0000001-0001-4001-8001-000000000001,a0000006-0006-4006-8006-000000000022,a0000002-0002-4002-8002-000000000001,2026-01-01,true,bootstrap
a0000008-0008-4008-8008-000000000023,a0000001-0001-4001-8001-000000000001,a0000006-0006-4006-8006-000000000023,a0000002-0002-4002-8002-000000000001,2026-01-01,true,bootstrap
a0000008-0008-4008-8008-000000000024,a0000001-0001-4001-8001-000000000001,a0000006-0006-4006-8006-000000000024,a0000002-0002-4002-8002-000000000001,2026-01-01,true,bootstrap
a0000008-0008-4008-8008-000000000025,a0000001-0001-4001-8001-000000000001,a0000006-0006-4006-8006-000000000025,a0000002-0002-4002-8002-000000000001,2026-01-01,true,bootstrap
a0000008-0008-4008-8008-000000000026,a0000001-0001-4001-8001-000000000001,a0000006-0006-4006-8006-000000000026,a0000002-0002-4002-8002-000000000001,2026-01-01,true,bootstrap
a0000008-0008-4008-8008-000000000027,a0000001-0001-4001-8001-000000000001,a0000006-0006-4006-8006-000000000027,a0000002-0002-4002-8002-000000000001,2026-01-01,true,bootstrap
a0000008-0008-4008-8008-000000000028,a0000001-0001-4001-8001-000000000001,a0000006-0006-4006-8006-000000000028,a0000002-0002-4002-8002-000000000001,2026-01-01,true,bootstrap
a0000008-0008-4008-8008-000000000029,a0000001-0001-4001-8001-000000000001,a0000006-0006-4006-8006-000000000029,a0000002-0002-4002-8002-000000000001,2026-01-01,true,bootstrap
a0000008-0008-4008-8008-000000000030,a0000001-0001-4001-8001-000000000001,a0000006-0006-4006-8006-000000000030,a0000002-0002-4002-8002-000000000001,2026-01-01,true,bootstrap
a0000008-0008-4008-8008-000000000031,a0000001-0001-4001-8001-000000000001,a0000006-0006-4006-8006-000000000031,a0000002-0002-4002-8002-000000000001,2026-01-01,true,bootstrap
a0000008-0008-4008-8008-000000000032,a0000001-0001-4001-8001-000000000001,a0000006-0006-4006-8006-000000000032,a0000002-0002-4002-8002-000000000001,2026-01-01,true,bootstrap
a0000008-0008-4008-8008-000000000033,a0000001-0001-4001-8001-000000000001,a0000006-0006-4006-8006-000000000033,a0000002-0002-4002-8002-000000000001,2026-01-01,true,bootstrap
a0000008-0008-4008-8008-000000000034,a0000001-0001-4001-8001-000000000001,a0000006-0006-4006-8006-000000000034,a0000002-0002-4002-8002-000000000001,2026-01-01,true,bootstrap
a0000008-0008-4008-8008-000000000035,a0000001-0001-4001-8001-000000000001,a0000006-0006-4006-8006-000000000035,a0000002-0002-4002-8002-000000000001,2026-01-01,true,bootstrap
a0000008-0008-4008-8008-000000000036,a0000001-0001-4001-8001-000000000001,a0000006-0006-4006-8006-000000000036,a0000002-0002-4002-8002-000000000001,2026-01-01,true,bootstrap
a0000008-0008-4008-8008-000000000037,a0000001-0001-4001-8001-000000000001,a0000006-0006-4006-8006-000000000037,a0000002-0002-4002-8002-000000000001,2026-01-01,true,bootstrap
a0000008-0008-4008-8008-000000000038,a0000001-0001-4001-8001-000000000001,a0000006-0006-4006-8006-000000000038,a0000002-0002-4002-8002-000000000001,2026-01-01,true,bootstrap
a0000008-0008-4008-8008-000000000039,a0000001-0001-4001-8001-000000000001,a0000006-0006-4006-8006-000000000039,a0000002-0002-4002-8002-000000000001,2026-01-01,true,bootstrap
a0000008-0008-4008-8008-000000000040,a0000001-0001-4001-8001-000000000001,a0000006-0006-4006-8006-000000000040,a0000002-0002-4002-8002-000000000001,2026-01-01,true,bootstrap
a0000008-0008-4008-8008-000000000041,a0000001-0001-4001-8001-000000000001,a0000006-0006-4006-8006-000000000041,a0000002-0002-4002-8002-000000000001,2026-01-01,true,bootstrap
a0000008-0008-4008-8008-000000000042,a0000001-0001-4001-8001-000000000001,a0000006-0006-4006-8006-000000000042,a0000002-0002-4002-8002-000000000001,2026-01-01,true,bootstrap
a0000008-0008-4008-8008-000000000043,a0000001-0001-4001-8001-000000000001,a0000006-0006-4006-8006-000000000043,a0000002-0002-4002-8002-000000000001,2026-01-01,true,bootstrap
a0000008-0008-4008-8008-000000000044,a0000001-0001-4001-8001-000000000001,a0000006-0006-4006-8006-000000000044,a0000002-0002-4002-8002-000000000001,2026-01-01,true,bootstrap
a0000008-0008-4008-8008-000000000045,a0000001-0001-4001-8001-000000000001,a0000006-0006-4006-8006-000000000045,a0000002-0002-4002-8002-000000000001,2026-01-01,true,bootstrap
a0000008-0008-4008-8008-000000000046,a0000001-0001-4001-8001-000000000001,a0000006-0006-4006-8006-000000000046,a0000002-0002-4002-8002-000000000001,2026-01-01,true,bootstrap
a0000008-0008-4008-8008-000000000047,a0000001-0001-4001-8001-000000000001,a0000006-0006-4006-8006-000000000047,a0000002-0002-4002-8002-000000000001,2026-01-01,true,bootstrap
a0000008-0008-4008-8008-000000000048,a0000001-0001-4001-8001-000000000001,a0000006-0006-4006-8006-000000000048,a0000002-0002-4002-8002-000000000001,2026-01-01,true,bootstrap
a0000008-0008-4008-8008-000000000049,a0000001-0001-4001-8001-000000000001,a0000006-0006-4006-8006-000000000049,a0000002-0002-4002-8002-000000000001,2026-01-01,true,bootstrap
a0000008-0008-4008-8008-000000000050,a0000001-0001-4001-8001-000000000001,a0000006-0006-4006-8006-000000000050,a0000002-0002-4002-8002-000000000001,2026-01-01,true,bootstrap
a0000008-0008-4008-8008-000000000051,a0000001-0001-4001-8001-000000000001,a0000006-0006-4006-8006-000000000051,a0000002-0002-4002-8002-000000000001,2026-01-01,true,bootstrap
a0000008-0008-4008-8008-000000000052,a0000001-0001-4001-8001-000000000001,a0000006-0006-4006-8006-000000000052,a0000002-0002-4002-8002-000000000001,2026-01-01,true,bootstrap
a0000008-0008-4008-8008-000000000053,a0000001-0001-4001-8001-000000000001,a0000006-0006-4006-8006-000000000053,a0000002-0002-4002-8002-000000000001,2026-01-01,true,bootstrap
a0000008-0008-4008-8008-000000000054,a0000001-0001-4001-8001-000000000001,a0000006-0006-4006-8006-000000000054,a0000002-0002-4002-8002-000000000001,2026-01-01,true,bootstrap
a0000008-0008-4008-8008-000000000055,a0000001-0001-4001-8001-000000000001,a0000006-0006-4006-8006-000000000055,a0000002-0002-4002-8002-000000000001,2026-01-01,true,bootstrap
a0000008-0008-4008-8008-000000000056,a0000001-0001-4001-8001-000000000001,a0000006-0006-4006-8006-000000000056,a0000002-0002-4002-8002-000000000001,2026-01-01,true,bootstrap
a0000008-0008-4008-8008-000000000057,a0000001-0001-4001-8001-000000000001,a0000006-0006-4006-8006-000000000057,a0000002-0002-4002-8002-000000000001,2026-01-01,true,bootstrap
a0000008-0008-4008-8008-000000000058,a0000001-0001-4001-8001-000000000001,a0000006-0006-4006-8006-000000000058,a0000002-0002-4002-8002-000000000001,2026-01-01,true,bootstrap
a0000008-0008-4008-8008-000000000059,a0000001-0001-4001-8001-000000000001,a0000006-0006-4006-8006-000000000059,a0000002-0002-4002-8002-000000000001,2026-01-01,true,bootstrap
a0000008-0008-4008-8008-000000000060,a0000001-0001-4001-8001-000000000001,a0000006-0006-4006-8006-000000000060,a0000002-0002-4002-8002-000000000001,2026-01-01,true,bootstrap
a0000008-0008-4008-8008-000000000061,a0000001-0001-4001-8001-000000000001,a0000006-0006-4006-8006-000000000061,a0000002-0002-4002-8002-000000000001,2026-01-01,true,bootstrap
a0000008-0008-4008-8008-000000000062,a0000001-0001-4001-8001-000000000001,a0000006-0006-4006-8006-000000000062,a0000002-0002-4002-8002-000000000001,2026-01-01,true,bootstrap
a0000008-0008-4008-8008-000000000063,a0000001-0001-4001-8001-000000000001,a0000006-0006-4006-8006-000000000063,a0000002-0002-4002-8002-000000000001,2026-01-01,true,bootstrap
a0000008-0008-4008-8008-000000000064,a0000001-0001-4001-8001-000000000001,a0000006-0006-4006-8006-000000000064,a0000002-0002-4002-8002-000000000001,2026-01-01,true,bootstrap
a0000008-0008-4008-8008-000000000065,a0000001-0001-4001-8001-000000000001,a0000006-0006-4006-8006-000000000065,a0000002-0002-4002-8002-000000000001,2026-01-01,true,bootstrap
a0000008-0008-4008-8008-000000000066,a0000001-0001-4001-8001-000000000001,a0000006-0006-4006-8006-000000000066,a0000002-0002-4002-8002-000000000001,2026-01-01,true,bootstrap
a0000008-0008-4008-8008-000000000067,a0000001-0001-4001-8001-000000000001,a0000006-0006-4006-8006-000000000067,a0000002-0002-4002-8002-000000000001,2026-01-01,true,bootstrap
a0000008-0008-4008-8008-000000000068,a0000001-0001-4001-8001-000000000001,a0000006-0006-4006-8006-000000000068,a0000002-0002-4002-8002-000000000001,2026-01-01,true,bootstrap
a0000008-0008-4008-8008-000000000069,a0000001-0001-4001-8001-000000000001,a0000006-0006-4006-8006-000000000069,a0000002-0002-4002-8002-000000000001,2026-01-01,true,bootstrap
a0000008-0008-4008-8008-000000000070,a0000001-0001-4001-8001-000000000001,a0000006-0006-4006-8006-000000000070,a0000002-0002-4002-8002-000000000001,2026-01-01,true,bootstrap
a0000008-0008-4008-8008-000000000071,a0000001-0001-4001-8001-000000000001,a0000006-0006-4006-8006-000000000071,a0000002-0002-4002-8002-000000000001,2026-01-01,true,bootstrap
a0000008-0008-4008-8008-000000000072,a0000001-0001-4001-8001-000000000001,a0000006-0006-4006-8006-000000000072,a0000002-0002-4002-8002-000000000001,2026-01-01,true,bootstrap
a0000008-0008-4008-8008-000000000073,a0000001-0001-4001-8001-000000000001,a0000006-0006-4006-8006-000000000073,a0000002-0002-4002-8002-000000000001,2026-01-01,true,bootstrap
a0000008-0008-4008-8008-000000000074,a0000001-0001-4001-8001-000000000001,a0000006-0006-4006-8006-000000000074,a0000002-0002-4002-8002-000000000001,2026-01-01,true,bootstrap
a0000008-0008-4008-8008-000000000075,a0000001-0001-4001-8001-000000000001,a0000006-0006-4006-8006-000000000075,a0000002-0002-4002-8002-000000000001,2026-01-01,true,bootstrap
a0000008-0008-4008-8008-000000000076,a0000001-0001-4001-8001-000000000001,a0000006-0006-4006-8006-000000000076,a0000002-0002-4002-8002-000000000001,2026-01-01,true,bootstrap
a0000008-0008-4008-8008-000000000077,a0000001-0001-4001-8001-000000000001,a0000006-0006-4006-8006-000000000077,a0000002-0002-4002-8002-000000000001,2026-01-01,true,bootstrap
a0000008-0008-4008-8008-000000000078,a0000001-0001-4001-8001-000000000001,a0000006-0006-4006-8006-000000000078,a0000002-0002-4002-8002-000000000001,2026-01-01,true,bootstrap
a0000008-0008-4008-8008-000000000079,a0000001-0001-4001-8001-000000000001,a0000006-0006-4006-8006-000000000079,a0000002-0002-4002-8002-000000000001,2026-01-01,true,bootstrap
a0000008-0008-4008-8008-000000000080,a0000001-0001-4001-8001-000000000001,a0000006-0006-4006-8006-000000000080,a0000002-0002-4002-8002-000000000001,2026-01-01,true,bootstrap
a0000008-0008-4008-8008-000000000081,a0000001-0001-4001-8001-000000000001,a0000006-0006-4006-8006-000000000081,a0000002-0002-4002-8002-000000000001,2026-01-01,true,bootstrap
a0000008-0008-4008-8008-000000000082,a0000001-0001-4001-8001-000000000001,a0000006-0006-4006-8006-000000000082,a0000002-0002-4002-8002-000000000001,2026-01-01,true,bootstrap
a0000008-0008-4008-8008-000000000083,a0000001-0001-4001-8001-000000000001,a0000006-0006-4006-8006-000000000083,a0000002-0002-4002-8002-000000000001,2026-01-01,true,bootstrap
a0000008-0008-4008-8008-000000000084,a0000001-0001-4001-8001-000000000001,a0000006-0006-4006-8006-000000000084,a0000002-0002-4002-8002-000000000001,2026-01-01,true,bootstrap
a0000008-0008-4008-8008-000000000085,a0000001-0001-4001-8001-000000000001,a0000006-0006-4006-8006-000000000085,a0000002-0002-4002-8002-000000000001,2026-01-01,true,bootstrap
a0000008-0008-4008-8008-000000000086,a0000001-0001-4001-8001-000000000001,a0000006-0006-4006-8006-000000000086,a0000002-0002-4002-8002-000000000001,2026-01-01,true,bootstrap
a0000008-0008-4008-8008-000000000087,a0000001-0001-4001-8001-000000000001,a0000006-0006-4006-8006-000000000087,a0000002-0002-4002-8002-000000000001,2026-01-01,true,bootstrap
a0000008-0008-4008-8008-000000000088,a0000001-0001-4001-8001-000000000001,a0000006-0006-4006-8006-000000000088,a0000002-0002-4002-8002-000000000001,2026-01-01,true,bootstrap
a0000008-0008-4008-8008-000000000089,a0000001-0001-4001-8001-000000000001,a0000006-0006-4006-8006-000000000089,a0000002-0002-4002-8002-000000000001,2026-01-01,true,bootstrap
a0000008-0008-4008-8008-000000000090,a0000001-0001-4001-8001-000000000001,a0000006-0006-4006-8006-000000000090,a0000002-0002-4002-8002-000000000001,2026-01-01,true,bootstrap
a0000008-0008-4008-8008-000000000091,a0000001-0001-4001-8001-000000000001,a0000006-0006-4006-8006-000000000091,a0000002-0002-4002-8002-000000000001,2026-01-01,true,bootstrap
a0000008-0008-4008-8008-000000000092,a0000001-0001-4001-8001-000000000001,a0000006-0006-4006-8006-000000000092,a0000002-0002-4002-8002-000000000001,2026-01-01,true,bootstrap
a0000008-0008-4008-8008-000000000093,a0000001-0001-4001-8001-000000000001,a0000006-0006-4006-8006-000000000093,a0000002-0002-4002-8002-000000000001,2026-01-01,true,bootstrap
a0000008-0008-4008-8008-000000000094,a0000001-0001-4001-8001-000000000001,a0000006-0006-4006-8006-000000000094,a0000002-0002-4002-8002-000000000001,2026-01-01,true,bootstrap
a0000008-0008-4008-8008-000000000095,a0000001-0001-4001-8001-000000000001,a0000006-0006-4006-8006-000000000095,a0000002-0002-4002-8002-000000000001,2026-01-01,true,bootstrap
a0000008-0008-4008-8008-000000000096,a0000001-0001-4001-8001-000000000001,a0000006-0006-4006-8006-000000000096,a0000002-0002-4002-8002-000000000001,2026-01-01,true,bootstrap
a0000008-0008-4008-8008-000000000097,a0000001-0001-4001-8001-000000000001,a0000006-0006-4006-8006-000000000097,a0000002-0002-4002-8002-000000000001,2026-01-01,true,bootstrap
a0000008-0008-4008-8008-000000000098,a0000001-0001-4001-8001-000000000001,a0000006-0006-4006-8006-000000000098,a0000002-0002-4002-8002-000000000001,2026-01-01,true,bootstrap
a0000008-0008-4008-8008-000000000099,a0000001-0001-4001-8001-000000000001,a0000006-0006-4006-8006-000000000099,a0000002-0002-4002-8002-000000000001,2026-01-01,true,bootstrap
a0000008-0008-4008-8008-000000000100,a0000001-0001-4001-8001-000000000001,a0000006-0006-4006-8006-000000000100,a0000002-0002-4002-8002-000000000001,2026-01-01,true,bootstrap
a0000008-0008-4008-8008-000000000101,a0000001-0001-4001-8001-000000000001,a0000006-0006-4006-8006-000000000101,a0000002-0002-4002-8002-000000000001,2026-01-01,true,bootstrap
a0000008-0008-4008-8008-000000000102,a0000001-0001-4001-8001-000000000001,a0000006-0006-4006-8006-000000000102,a0000002-0002-4002-8002-000000000001,2026-01-01,true,bootstrap
a0000008-0008-4008-8008-000000000103,a0000001-0001-4001-8001-000000000001,a0000006-0006-4006-8006-000000000103,a0000002-0002-4002-8002-000000000001,2026-01-01,true,bootstrap
a0000008-0008-4008-8008-000000000104,a0000001-0001-4001-8001-000000000001,a0000006-0006-4006-8006-000000000104,a0000002-0002-4002-8002-000000000001,2026-01-01,true,bootstrap
a0000008-0008-4008-8008-000000000105,a0000001-0001-4001-8001-000000000001,a0000006-0006-4006-8006-000000000105,a0000002-0002-4002-8002-000000000001,2026-01-01,true,bootstrap
a0000008-0008-4008-8008-000000000106,a0000001-0001-4001-8001-000000000001,a0000006-0006-4006-8006-000000000106,a0000002-0002-4002-8002-000000000001,2026-01-01,true,bootstrap
a0000008-0008-4008-8008-000000000107,a0000001-0001-4001-8001-000000000001,a0000006-0006-4006-8006-000000000107,a0000002-0002-4002-8002-000000000001,2026-01-01,true,bootstrap
a0000008-0008-4008-8008-000000000108,a0000001-0001-4001-8001-000000000001,a0000006-0006-4006-8006-000000000108,a0000002-0002-4002-8002-000000000001,2026-01-01,true,bootstrap
a0000008-0008-4008-8008-000000000109,a0000001-0001-4001-8001-000000000001,a0000006-0006-4006-8006-000000000109,a0000002-0002-4002-8002-000000000001,2026-01-01,true,bootstrap
a0000008-0008-4008-8008-000000000110,a0000001-0001-4001-8001-000000000001,a0000006-0006-4006-8006-000000000110,a0000002-0002-4002-8002-000000000001,2026-01-01,true,bootstrap
a0000008-0008-4008-8008-000000000111,a0000001-0001-4001-8001-000000000001,a0000006-0006-4006-8006-000000000111,a0000002-0002-4002-8002-000000000001,2026-01-01,true,bootstrap
a0000008-0008-4008-8008-000000000112,a0000001-0001-4001-8001-000000000001,a0000006-0006-4006-8006-000000000112,a0000002-0002-4002-8002-000000000001,2026-01-01,true,bootstrap
a0000008-0008-4008-8008-000000000113,a0000001-0001-4001-8001-000000000001,a0000006-0006-4006-8006-000000000113,a0000002-0002-4002-8002-000000000001,2026-01-01,true,bootstrap
a0000008-0008-4008-8008-000000000114,a0000001-0001-4001-8001-000000000001,a0000006-0006-4006-8006-000000000114,a0000002-0002-4002-8002-000000000001,2026-01-01,true,bootstrap
a0000008-0008-4008-8008-000000000115,a0000001-0001-4001-8001-000000000001,a0000006-0006-4006-8006-000000000115,a0000002-0002-4002-8002-000000000001,2026-01-01,true,bootstrap
a0000008-0008-4008-8008-000000000116,a0000001-0001-4001-8001-000000000001,a0000006-0006-4006-8006-000000000116,a0000002-0002-4002-8002-000000000001,2026-01-01,true,bootstrap
a0000008-0008-4008-8008-000000000117,a0000001-0001-4001-8001-000000000001,a0000006-0006-4006-8006-000000000117,a0000002-0002-4002-8002-000000000001,2026-01-01,true,bootstrap
a0000008-0008-4008-8008-000000000118,a0000001-0001-4001-8001-000000000001,a0000006-0006-4006-8006-000000000118,a0000002-0002-4002-8002-000000000001,2026-01-01,true,bootstrap
a0000008-0008-4008-8008-000000000119,a0000001-0001-4001-8001-000000000001,a0000006-0006-4006-8006-000000000119,a0000002-0002-4002-8002-000000000001,2026-01-01,true,bootstrap
a0000008-0008-4008-8008-000000000120,a0000001-0001-4001-8001-000000000001,a0000006-0006-4006-8006-000000000120,a0000002-0002-4002-8002-000000000001,2026-01-01,true,bootstrap
