record_type,target_table,id,tenant_id,code,name,module,description,is_active,step_order,approver_type,policy_id,specific_employee_id,is_required
policy,approval_policies,a0000013-0013-4013-8013-000000000001,a0000001-0001-4001-8001-000000000001,LEAVE-STD,Standart İzin Onayı,leave,Standart İzin Onayı policy,true,,,,,
step,approval_policy_steps,a0000013-0013-4013-8013-000000000101,a0000001-0001-4001-8001-000000000001,,,,,,1,manager,a0000013-0013-4013-8013-000000000001,,true
step,approval_policy_steps,a0000013-0013-4013-8013-000000000102,a0000001-0001-4001-8001-000000000001,,,,,,2,hr_admin,a0000013-0013-4013-8013-000000000001,,true
policy,approval_policies,a0000013-0013-4013-8013-000000000002,a0000001-0001-4001-8001-000000000001,EXP-STD,Standart Masraf Onayı,expense,Standart Masraf Onayı policy,true,,,,,
step,approval_policy_steps,a0000013-0013-4013-8013-000000000103,a0000001-0001-4001-8001-000000000001,,,,,,1,manager,a0000013-0013-4013-8013-000000000002,,true
step,approval_policy_steps,a0000013-0013-4013-8013-000000000104,a0000001-0001-4001-8001-000000000001,,,,,,2,hr_admin,a0000013-0013-4013-8013-000000000002,,true
policy,approval_policies,a0000013-0013-4013-8013-000000000003,a0000001-0001-4001-8001-000000000001,LEAVE-HR,İK İzin Onayı,leave,İK İzin Onayı policy,true,,,,,
step,approval_policy_steps,a0000013-0013-4013-8013-000000000105,a0000001-0001-4001-8001-000000000001,,,,,,1,manager,a0000013-0013-4013-8013-000000000003,,true
step,approval_policy_steps,a0000013-0013-4013-8013-000000000106,a0000001-0001-4001-8001-000000000001,,,,,,2,hr_admin,a0000013-0013-4013-8013-000000000003,,true
