route,screen_block,ui_label,technical_field,data_class,source_of_truth,canonical_table,external_source,calculation_owner,calculation_formula,persistence_strategy,sensitivity_level,rls_scope,demo_fallback,write_back_required,notes
/dashboard,header,Tenant adı,tenant_name,external_master,PULS tenant,puls_core.tenants,Auth tenant,SQL view,current user tenant,canonical,low,self,dev_only,no,Tenant context for greeting and page shell
/dashboard,header,Kullanıcı adı,display_name,external_master,ERP or HR cache,puls_core.employees,Canias HR,none,,canonical_cache,medium,self,dev_only,no,Minimum visible profile only
/dashboard,metrics,Aktif çalışan,employee_count,computed_metric,PULS calculation,puls_calc.dashboard_overview,puls_core.employees,SQL view,COUNT employees where status active,view,low,tenant_admin,dev_only,no,ERP provides employee facts but PULS owns dashboard count
/dashboard,metrics,Departman,department_count,computed_metric,PULS calculation,puls_calc.dashboard_overview,puls_core.departments,SQL view,COUNT active departments,view,low,tenant_admin,dev_only,no,
/dashboard,metrics,Pozisyon,position_count,computed_metric,PULS calculation,puls_calc.dashboard_overview,puls_core.positions,SQL view,COUNT active positions,view,low,tenant_admin,dev_only,no,
/dashboard,metrics,Yetkinlik şablonu,competency_template_count,computed_metric,PULS calculation,puls_calc.dashboard_overview,puls_performance.competency_templates,SQL view,COUNT active templates,view,low,tenant_admin,dev_only,no,
/dashboard,metrics,ERP durumu,erp_status,computed_metric,PULS integration,puls_integration.erp_connections,Canias connector,SQL view,latest connection status,canonical,low,tenant_admin,dev_only,no,Connection status not official ERP business record
/dashboard,metrics,Veri hazırlığı,data_readiness_pct,computed_metric,PULS calculation,puls_calc.setup_readiness_summary,mappings plus core records,SQL view,weighted mapping and completeness score,summary,low,tenant_admin,dev_only,no,Product readiness metric owned by PULS
/dashboard,work_queue,Bekleyen işler,work_queue_items,computed_metric,PULS calculation,puls_calc.dashboard_overview,leave expense performance,SQL view,pending workflow counts,view,low,manager_or_admin,dev_only,no,
/dashboard,erp_card,Eşleşen alan,mapped_fields_count,computed_metric,PULS integration,puls_calc.erp_readiness_overview,erp_field_mappings,SQL view,COUNT active required mappings,view,low,tenant_admin,dev_only,no,
/dashboard,erp_card,Son deneme,last_sync_attempt_label,computed_metric,PULS integration,puls_integration.erp_sync_batches,Canias connector,SQL view,latest batch timestamp and status,canonical,low,tenant_admin,dev_only,no,
/dashboard,activities,Son aktiviteler,recent_activity_items,puls_transaction,PULS audit,puls_audit.audit_logs,app events,SQL view,latest audit events,append_only,medium,tenant_admin,dev_only,no,PII must be redacted in audit payload
/calisanlar,metrics,Aktif çalışan,active_employee_count,computed_metric,PULS calculation,puls_calc.employee_list_overview,puls_core.employees,SQL view,COUNT active employees,view,low,manager_or_admin,dev_only,no,
/calisanlar,metrics,Yeni son 30 gün,new_employee_30d_count,computed_metric,PULS calculation,puls_calc.employee_list_overview,puls_core.employees,SQL view,COUNT hire_date in last 30 days,view,low,tenant_admin,dev_only,no,
/calisanlar,metrics,Deneme süresi,probation_employee_count,computed_metric,PULS calculation,puls_calc.employee_list_overview,puls_core.employees,SQL view,probation policy by hire_date,view,low,tenant_admin,dev_only,no,
/calisanlar,filters,Arama,employee_search_query,user_input,Frontend only,none,none,frontend,client filter or server query param,not_persisted,low,self,none,no,
/calisanlar,filters,Departman filtresi,filter_department_id,user_input,Frontend only,none,none,frontend,query param,not_persisted,low,self,none,no,
/calisanlar,filters,Pozisyon filtresi,filter_position_id,user_input,Frontend only,none,none,frontend,query param,not_persisted,low,self,none,no,
/calisanlar,filters,Durum filtresi,filter_status,user_input,Frontend only,none,none,frontend,query param,not_persisted,low,self,none,no,
/calisanlar,list,Sicil no,employee_code,external_master,ERP or HR,puls_core.employees,Canias HR,none,,canonical_cache,medium,manager_or_admin,dev_only,no,Visible only when role scope allows employee list
/calisanlar,list,Ad soyad,full_name,external_master,ERP or HR,puls_core.employees,Canias HR,none,,canonical_cache,medium,manager_or_admin,dev_only,no,
/calisanlar,list,E-posta,email,external_master,ERP HR or Supabase Auth,puls_core.employees,Canias HR plus Auth,none,,canonical_cache,medium,manager_or_admin,dev_only,no,
/calisanlar,list,Departman,department_name,reference,PULS canonical,puls_core.departments,ERP or PULS admin,SQL join,employees.department_id join departments,canonical,low,manager_or_admin,dev_only,no,
/calisanlar,list,Pozisyon,position_name,reference,PULS canonical,puls_core.positions,ERP or PULS admin,SQL join,employees.position_id join positions,canonical,low,manager_or_admin,dev_only,no,
/calisanlar,list,Yönetici,manager_name,reference,PULS canonical,puls_core.employees,ERP or PULS admin,SQL join,employees.manager_employee_id self join,canonical,medium,manager_or_admin,dev_only,no,
/calisanlar,list,İşe giriş,hire_date,external_master,ERP or HR,puls_core.employees,Canias HR,none,,canonical_cache,medium,manager_or_admin,dev_only,no,
/calisanlar,list,Durum,employment_status,external_master,ERP or HR,puls_core.employees,Canias HR,none,,canonical_cache,low,manager_or_admin,dev_only,no,
/calisanlar,detail,İzin bakiyesi özeti,leave_balance_summary,computed_metric,PULS calculation,puls_calc.leave_balance_summary_by_employee,leave_balances,SQL view,SUM remaining by employee,view,medium,self_team_admin,dev_only,no,Official source may be ERP if configured
/calisanlar,detail,Performans kapsamı,performance_scope_label,computed_metric,PULS calculation,puls_performance.performance_cycles,performance scope config,SQL view,active cycle membership,view,medium,self_team_admin,dev_only,no,
/departmanlar,metrics,Departman sayısı,department_total_count,computed_metric,PULS calculation,puls_calc.organization_overview,puls_core.departments,SQL view,COUNT departments,view,low,tenant_admin,dev_only,no,
/departmanlar,metrics,Aktif çalışan,department_employee_count,computed_metric,PULS calculation,puls_calc.organization_overview,puls_core.employees,SQL view,COUNT employees grouped by department,view,low,tenant_admin,dev_only,no,
/departmanlar,metrics,Yönetici atanan,department_with_manager_count,computed_metric,PULS calculation,puls_calc.organization_overview,puls_core.departments,SQL view,COUNT manager_employee_id not null,view,low,tenant_admin,dev_only,no,
/departmanlar,list,Departman adı,department_name,external_master,ERP or PULS admin,puls_core.departments,Canias HR,none,,canonical,low,tenant_admin,dev_only,optional,Write-back disabled by default
/departmanlar,list,Departman kodu,department_code,external_master,ERP or PULS admin,puls_core.departments,Canias HR,none,,canonical,low,tenant_admin,dev_only,optional,
/departmanlar,list,Üst departman,parent_department_id,reference,ERP or PULS admin,puls_core.departments,Canias HR,SQL join,self reference,canonical,low,tenant_admin,dev_only,optional,
/departmanlar,list,Departman yöneticisi,department_manager_id,reference,ERP or PULS admin,puls_core.departments,Canias HR,SQL join,employee reference,canonical,medium,tenant_admin,dev_only,optional,
/departmanlar,list,Çalışan sayısı,department_row_employee_count,computed_metric,PULS calculation,puls_calc.organization_overview,puls_core.employees,SQL view,COUNT employees by department,view,low,tenant_admin,dev_only,no,
/pozisyonlar,metrics,Toplam pozisyon,position_total_count,computed_metric,PULS calculation,puls_calc.organization_overview,puls_core.positions,SQL view,COUNT positions,view,low,tenant_admin,dev_only,no,
/pozisyonlar,metrics,Dolu pozisyon,filled_position_count,computed_metric,PULS calculation,puls_calc.organization_overview,puls_core.employees,SQL view,COUNT distinct occupied positions,view,low,tenant_admin,dev_only,no,
/pozisyonlar,metrics,Açık pozisyon,open_position_count,computed_metric,PULS calculation,puls_calc.organization_overview,positions plus employees,SQL view,norm_headcount minus filled count,view,low,tenant_admin,dev_only,no,
/pozisyonlar,list,Pozisyon adı,position_name,external_master,ERP or PULS admin,puls_core.positions,Canias HR,none,,canonical,low,tenant_admin,dev_only,optional,Write-back disabled by default
/pozisyonlar,list,Pozisyon kodu,position_code,external_master,ERP or PULS admin,puls_core.positions,Canias HR,none,,canonical,low,tenant_admin,dev_only,optional,
/pozisyonlar,list,Departman,position_department_id,reference,PULS canonical,puls_core.positions,Canias HR,SQL join,department reference,canonical,low,tenant_admin,dev_only,optional,
/pozisyonlar,list,Seviye,position_level,puls_configuration,PULS admin,puls_core.positions,PULS setup,none,,canonical,low,tenant_admin,dev_only,no,
/pozisyonlar,list,Norm kadro,norm_headcount,puls_configuration,PULS admin,puls_core.positions,PULS setup,none,,canonical,low,tenant_admin,dev_only,no,
/pozisyonlar,list,İş değerleme puanı,job_evaluation_score,computed_metric,PULS calculation,puls_calc.job_evaluation_overview,puls_workflow.job_evaluations,SQL view,weighted factor score,summary,medium,tenant_admin,dev_only,no,No pay band in MVP default
/izin,metrics,Yıllık izin kalan,annual_leave_remaining,external_transaction,ERP or PULS workflow,puls_workflow.leave_balances,Canias optional,SQL view,remaining_days for annual,canonical_or_cache,medium,self_team_admin,dev_only,optional,Source decided per tenant
/izin,metrics,Yıllık izin kullanılan,annual_leave_used,external_transaction,ERP or PULS workflow,puls_workflow.leave_balances,Canias optional,SQL view,used_days for annual,canonical_or_cache,medium,self_team_admin,dev_only,optional,
/izin,metrics,Yıllık izin toplam,total_annual_entitlement,computed_metric,PULS calculation,puls_workflow.leave_balances,leave_types plus hire_date,backend,seniority rule or imported balance,canonical_or_summary,medium,self_team_admin,dev_only,no,
/izin,metrics,Mazeret izin kalan,excuse_leave_remaining,external_transaction,ERP or PULS workflow,puls_workflow.leave_balances,Canias optional,SQL view,remaining_days for excuse,canonical_or_cache,medium,self_team_admin,dev_only,optional,
/izin,metrics,Hastalık izin kalan,sick_leave_remaining,external_transaction,ERP or PULS workflow,puls_workflow.leave_balances,Canias optional,SQL view,remaining_days for sick,canonical_or_cache,medium,self_team_admin,dev_only,optional,
/izin,metrics,Bekleyen izin,pending_leave_count,computed_metric,PULS calculation,puls_calc.leave_overview,puls_workflow.leave_requests,SQL view,COUNT status pending by scope,view,low,self_team_admin,dev_only,no,
/izin,tabs,Benim izinlerim,own_leave_requests,puls_transaction,PULS workflow,puls_workflow.leave_requests,PULS UI,SQL view,employee_id equals current employee,canonical,medium,self,dev_only,optional,Write-back optional after approval
/izin,tabs,Onay bekleyenler,pending_leave_approvals,puls_transaction,PULS workflow,puls_workflow.approval_requests,PULS UI,SQL view,approval current actor scope,canonical,medium,manager_or_admin,dev_only,optional,
/izin,tabs,Takvim,leave_calendar_events,computed_metric,PULS calculation,puls_calc.leave_calendar_view,leave_requests plus holidays,SQL view,events by date and visibility scope,view,medium,self_team_admin,dev_only,no,
/izin,form,İzin türü,leave_type_id,user_input,PULS workflow,puls_workflow.leave_requests,PULS UI,backend validation,must exist active leave_type,persist_on_submit,low,self,none,optional,
/izin,form,Başlangıç tarihi,start_date,user_input,PULS workflow,puls_workflow.leave_requests,PULS UI,backend validation,date range required,persist_on_submit,medium,self,none,optional,
/izin,form,Bitiş tarihi,end_date,user_input,PULS workflow,puls_workflow.leave_requests,PULS UI,backend validation,end_date >= start_date,persist_on_submit,medium,self,none,optional,
/izin,form,Yarım gün,half_day,user_input,PULS workflow,puls_workflow.leave_requests,PULS UI,backend validation,applies to policy,persist_on_submit,low,self,none,optional,
/izin,form,Vekil,delegate_employee_id,user_input,PULS workflow,puls_workflow.leave_requests,PULS UI,backend validation,active employee same tenant,persist_on_submit,medium,self,none,optional,
/izin,form,Açıklama,leave_description,user_input,PULS workflow,puls_workflow.leave_requests,PULS UI,backend validation,policy optional or required,persist_on_submit,medium,self,none,optional,
/izin,form,Belge,leave_document_ref,document_metadata,PULS storage,puls_workflow.leave_documents,PULS upload,backend validation,required for configured leave types,metadata_only,high,self_hr_admin,none,no,Document content phase gated
/izin,form,Toplam gün,business_days,computed_metric,PULS calculation,puls_workflow.leave_requests,dates plus calendar,frontend_preview_backend_final,business days excluding holidays,persist_on_submit,low,self,none,no,
/izin,form,Bakiye sonrası,balance_after_days,computed_metric,PULS calculation,puls_calc.leave_request_preview,leave_balances plus request,frontend_preview_backend_final,remaining minus requested days,not_persisted_preview,medium,self,none,no,
/izin,onay,Onayla,leave_approval_decision,user_input,PULS workflow,puls_workflow.approval_requests,PULS UI,backend validation,authorized approver updates request,persist_on_submit,medium,manager_or_admin,none,optional,
/izin,onay,Reddet,leave_rejection_decision,user_input,PULS workflow,puls_workflow.approval_requests,PULS UI,backend validation,rejection reason required,persist_on_submit,medium,manager_or_admin,none,optional,
/masraf,metrics,Bu ay onaylanan,approved_this_month_amount,computed_metric,PULS calculation,puls_calc.expense_overview,puls_workflow.expense_claims,SQL view,SUM approved current month,view,medium,self_team_admin,dev_only,no,
/masraf,metrics,Aylık limit,monthly_expense_limit,puls_configuration,PULS admin,puls_workflow.expense_categories,PULS setup,SQL view,policy by employee and category,canonical,medium,self_team_admin,dev_only,no,
/masraf,metrics,Kullanım yüzdesi,expense_limit_usage_pct,computed_metric,PULS calculation,puls_calc.expense_overview,expense_claims plus categories,SQL view,approved amount divided by monthly limit,view,low,self_team_admin,dev_only,no,
/masraf,metrics,Bekleyen tutar,pending_expense_amount,computed_metric,PULS calculation,puls_calc.expense_overview,puls_workflow.expense_claims,SQL view,SUM pending amount,view,medium,self_team_admin,dev_only,no,
/masraf,metrics,Yıl toplamı,expense_year_total,computed_metric,PULS calculation,puls_calc.expense_overview,puls_workflow.expense_claims,SQL view,SUM current year claims by scope,view,medium,self_team_admin,dev_only,no,
/masraf,metrics,En büyük kategori,top_expense_category,computed_metric,PULS calculation,puls_calc.expense_overview,expense_claims plus categories,SQL view,largest category share,view,low,self_team_admin,dev_only,no,
/masraf,metrics,Ortalama ay,expense_monthly_average,computed_metric,PULS calculation,puls_calc.expense_overview,puls_workflow.expense_claims,SQL view,year total divided by elapsed months,view,medium,self_team_admin,dev_only,no,
/masraf,list,Son masraflar,recent_expense_claims,puls_transaction,PULS workflow,puls_workflow.expense_claims,PULS UI,SQL view,latest claims by scope,canonical,medium,self_team_admin,dev_only,optional,
/masraf,tabs,Onay bekleyenler,pending_expense_approvals,puls_transaction,PULS workflow,puls_workflow.approval_requests,PULS UI,SQL view,approval current actor scope,canonical,medium,manager_or_admin,dev_only,optional,
/masraf,tabs,Kategori limitleri,expense_category_limits,puls_configuration,PULS admin,puls_workflow.expense_categories,PULS setup,SQL view,active category policies,canonical,low,self_team_admin,dev_only,no,
/masraf,form,Kategori,expense_category_id,user_input,PULS workflow,puls_workflow.expense_claims,PULS UI,backend validation,active category required,persist_on_submit,low,self,none,optional,
/masraf,form,Tutar,amount,user_input,PULS workflow,puls_workflow.expense_claims,PULS UI,backend validation,positive decimal,persist_on_submit,medium,self,none,optional,
/masraf,form,Para birimi,currency,user_input,PULS workflow,puls_workflow.expense_claims,PULS UI,backend validation,ISO currency allowed,persist_on_submit,low,self,none,optional,
/masraf,form,KDV,tax_rate,user_input,PULS workflow,puls_workflow.expense_claims,PULS UI,backend validation,allowed VAT rates,persist_on_submit,medium,self,none,optional,
/masraf,form,Tarih,expense_date,user_input,PULS workflow,puls_workflow.expense_claims,PULS UI,backend validation,not future unless policy allows,persist_on_submit,medium,self,none,optional,
/masraf,form,Açıklama,expense_description,user_input,PULS workflow,puls_workflow.expense_claims,PULS UI,backend validation,required by category policy,persist_on_submit,medium,self,none,optional,
/masraf,form,Belge,receipt_file_ref,document_metadata,PULS storage,puls_workflow.expense_receipts,PULS upload or OCR,backend validation,required by policy threshold,metadata_only,high,self_finance_admin,none,optional,Receipt content may include PII and must be protected
/masraf,form,OCR çıktısı,ocr_extracted_data,ai_output,PULS OCR worker,puls_workflow.expense_receipts,receipt image,Railway worker,extract amount date vendor VAT,canonical,high,self_finance_admin,none,no,AI output must be user verified
/masraf,form,Politika durumu,policy_status,computed_metric,PULS calculation,puls_workflow.expense_claims,claim plus policy,backend final,amount receipt and limit checks,persist_on_submit,low,self,none,no,
/performans,metrics,Aktif dönem,active_cycle_label,puls_configuration,PULS admin,puls_performance.performance_cycles,PULS setup,SQL view,status active,canonical,low,self_team_admin,dev_only,no,
/performans,metrics,Ortalama puan,average_performance_score,computed_metric,PULS calculation,puls_calc.performance_overview,puls_performance.performance_scores,SQL view,AVG overall_score current cycle,summary,medium,manager_or_admin,dev_only,no,
/performans,metrics,Bekleyen değerlendirme,pending_review_count,computed_metric,PULS calculation,puls_calc.performance_overview,performance evaluations,SQL view,COUNT pending by scope,view,low,manager_or_admin,dev_only,no,
/performans,metrics,Yetkinlik şablonu,competency_template_count,computed_metric,PULS calculation,puls_calc.performance_overview,competency_templates,SQL view,COUNT active templates,view,low,manager_or_admin,dev_only,no,
/performans,metrics,Terfi adayı,promotion_candidate_count,computed_metric,PULS calculation,puls_calc.performance_overview,career profiles plus scores,SQL view,COUNT eligible candidates,summary,medium,manager_or_admin,dev_only,no,
/performans,list,Çalışan,performance_employee_id,reference,PULS canonical,puls_core.employees,Canias HR,SQL join,employee reference,canonical,medium,self_team_admin,dev_only,no,
/performans,list,KPI puanı,kpi_score,computed_metric,PULS calculation,puls_performance.performance_scores,KPI actuals,backend,weighted KPI score,summary,medium,self_team_admin,dev_only,no,
/performans,list,Yetkinlik puanı,competency_score,computed_metric,PULS calculation,puls_performance.performance_scores,evaluations,backend,AVG weighted competency scores,summary,medium,self_team_admin,dev_only,no,
/performans,list,Genel skor,overall_score,computed_metric,PULS calculation,puls_performance.performance_scores,scores,backend,kpi_score*0.7 plus competency_score*0.3,summary,medium,self_team_admin,dev_only,no,Formula version required
/performans,list,Skor bandı,score_band,computed_metric,PULS calculation,puls_performance.performance_scores,score bands config,backend,band by configured thresholds,summary,low,self_team_admin,dev_only,no,
/performans,cycle_form,Dönem adı,cycle_name,user_input,PULS config,puls_performance.performance_cycles,PULS UI,backend validation,unique per tenant optional,persist_on_submit,low,tenant_admin,none,no,
/performans,cycle_form,Başlangıç,cycle_starts_at,user_input,PULS config,puls_performance.performance_cycles,PULS UI,backend validation,date required,persist_on_submit,low,tenant_admin,none,no,
/performans,cycle_form,Bitiş,cycle_ends_at,user_input,PULS config,puls_performance.performance_cycles,PULS UI,backend validation,ends_at >= starts_at,persist_on_submit,low,tenant_admin,none,no,
/performans,cycle_form,Kapsam,cycle_scope,user_input,PULS config,puls_performance.performance_cycles,PULS UI,backend validation,department or all tenant,persist_on_submit,low,tenant_admin,none,no,
/kariyer,profile,Çalışan,current_employee_profile,reference,PULS canonical,puls_core.employees,Canias HR,SQL join,current or selected employee,canonical,medium,self_team_admin,dev_only,no,
/kariyer,metrics,Hazırlık,career_readiness_score,computed_metric,PULS calculation,puls_performance.career_profiles,performance plus ladder,backend,readiness by ladder criteria,summary,medium,self_team_admin,dev_only,no,Key PULS intelligence metric
/kariyer,metrics,Hedef rol,target_career_step,puls_transaction,PULS workflow,puls_performance.career_profiles,user manager HR input,backend validation,target step exists,persist_on_submit,medium,self_team_admin,dev_only,no,
/kariyer,metrics,Eksik yetkinlik,missing_competency_count,computed_metric,PULS calculation,puls_performance.career_profiles,competencies plus ladder,backend,required minus achieved competencies,summary,medium,self_team_admin,dev_only,no,
/kariyer,metrics,Önerilen eğitim,recommended_training_count,computed_metric,PULS calculation,puls_performance.training_needs,career gaps,backend,count needs linked to gaps,summary,medium,self_team_admin,dev_only,no,
/kariyer,ladder,Kariyer basamakları,career_ladder_steps,puls_configuration,PULS admin,puls_performance.career_ladders,PULS setup,none,,canonical,low,self_team_admin,dev_only,no,
/kariyer,plan,Gelişim planı,development_plan_items,puls_transaction,PULS workflow,puls_performance.development_plans,user manager HR input,backend validation,plan items by horizon,persist_on_submit,medium,self_team_admin,dev_only,no,
/egitim,metrics,Açık eğitim ihtiyacı,open_training_need_count,computed_metric,PULS calculation,puls_calc.training_overview,training_needs,SQL view,COUNT status open,view,low,manager_or_admin,dev_only,no,
/egitim,metrics,Tamamlanan,completed_training_count,computed_metric,PULS calculation,puls_calc.training_overview,training_enrollments,SQL view,COUNT completed,view,low,manager_or_admin,dev_only,no,
/egitim,metrics,Önerilen,recommended_training_count,computed_metric,PULS calculation,puls_calc.training_overview,training_needs,SQL view,COUNT recommended,view,low,manager_or_admin,dev_only,no,
/egitim,metrics,Ortalama tamamlama,training_completion_avg,computed_metric,PULS calculation,puls_calc.training_overview,training enrollments,SQL view,completed divided by assigned,summary,low,manager_or_admin,dev_only,no,
/egitim,list,Eğitim adı,training_name,puls_configuration,PULS admin or LMS,puls_performance.trainings,External LMS optional,none,,canonical,low,manager_or_admin,dev_only,optional,
/egitim,list,Çalışan,training_employee_id,reference,PULS canonical,puls_core.employees,Canias HR,SQL join,employee reference,canonical,medium,manager_or_admin,dev_only,no,
/egitim,list,Yetkinlik,training_skill_topic,computed_metric,PULS calculation,puls_performance.training_needs,career performance gaps,backend,skill topic from gap,summary,low,manager_or_admin,dev_only,no,
/egitim,list,Durum,training_status,puls_transaction,PULS workflow,puls_performance.training_enrollments,PULS or LMS,backend validation,status lifecycle,persist_on_submit,low,manager_or_admin,dev_only,optional,
/is-degerleme,metrics,Değerlendirilen pozisyon,evaluated_position_count,computed_metric,PULS calculation,puls_calc.job_evaluation_overview,job evaluations,SQL view,COUNT evaluated positions,view,low,tenant_admin,dev_only,no,
/is-degerleme,metrics,Ortalama puan,average_job_eval_score,computed_metric,PULS calculation,puls_calc.job_evaluation_overview,job evaluations,SQL view,AVG total score,view,medium,tenant_admin,dev_only,no,
/is-degerleme,list,Pozisyon,job_eval_position_id,reference,PULS canonical,puls_core.positions,Canias HR,SQL join,position reference,canonical,low,tenant_admin,dev_only,no,
/is-degerleme,list,Faktör puanları,job_eval_factor_scores,user_input,PULS workflow,puls_workflow.job_evaluation_scores,HR input,backend validation,score per configured factor,persist_on_submit,medium,tenant_admin,dev_only,no,
/is-degerleme,list,Toplam puan,job_eval_total_score,computed_metric,PULS calculation,puls_workflow.job_evaluations,factor scores plus weights,backend,weighted sum,summary,medium,tenant_admin,dev_only,no,No pay output in MVP default
/is-degerleme,list,Seviye bandı,job_eval_level_band,computed_metric,PULS calculation,puls_workflow.job_evaluations,configured bands,backend,score threshold band,summary,medium,tenant_admin,dev_only,no,
/sozlesmeler,metrics,Aktif sözleşme,active_contract_count,computed_metric,PULS calculation,puls_calc.contracts_overview,puls_workflow.contracts,SQL view,COUNT status active,view,medium,hr_legal_admin,dev_only,no,
/sozlesmeler,metrics,Yakında bitecek,expiring_contract_count,computed_metric,PULS calculation,puls_calc.contracts_overview,puls_workflow.contracts,SQL view,end_date within threshold,view,medium,hr_legal_admin,dev_only,no,
/sozlesmeler,metrics,İmza bekleyen,awaiting_signature_count,computed_metric,PULS calculation,puls_calc.contracts_overview,puls_workflow.contracts,SQL view,COUNT signature awaiting,view,medium,hr_legal_admin,dev_only,no,
/sozlesmeler,metrics,KVKK eksik,missing_kvkk_count,computed_metric,PULS calculation,puls_calc.contracts_overview,contracts plus consents,SQL view,COUNT missing consent references,view,medium,hr_legal_admin,dev_only,no,
/sozlesmeler,list,Çalışan,contract_employee_id,reference,PULS canonical,puls_core.employees,Canias HR,SQL join,employee reference,canonical,medium,hr_legal_admin,dev_only,no,
/sozlesmeler,list,Sözleşme tipi,contract_type,puls_configuration,PULS admin,puls_workflow.contracts,PULS setup,none,,canonical,medium,hr_legal_admin,dev_only,no,
/sozlesmeler,list,Başlangıç,contract_start_date,puls_transaction,PULS workflow,puls_workflow.contracts,PULS or HR system,backend validation,date required,canonical,medium,hr_legal_admin,dev_only,optional,
/sozlesmeler,list,Bitiş,contract_end_date,puls_transaction,PULS workflow,puls_workflow.contracts,PULS or HR system,backend validation,nullable date,canonical,medium,hr_legal_admin,dev_only,optional,
/sozlesmeler,list,İmza durumu,signature_status,external_transaction,E-sign provider or PULS,puls_workflow.contracts,E-sign provider,webhook handler,provider status mapping,canonical,medium,hr_legal_admin,dev_only,optional,
/sozlesmeler,list,Risk,contract_risk_band,computed_metric,PULS calculation,puls_calc.contracts_overview,contracts,SQL view,expiry and signature status rules,view,medium,hr_legal_admin,dev_only,no,
/sozlesmeler,detail,Belge dosyası,contract_file_ref,document_metadata,PULS storage or provider,puls_workflow.contract_files,Storage or e-sign provider,backend validation,metadata and signed URL only,metadata_only,high,hr_legal_admin,none,optional,Content access requires separate security review
/erp,metrics,Aktif entegrasyon,active_integration_count,computed_metric,PULS integration,puls_calc.erp_readiness_overview,erp_connections,SQL view,COUNT active connections,view,low,tenant_admin,dev_only,no,
/erp,metrics,Son senkron,last_sync_at,external_transaction,PULS integration,puls_integration.erp_sync_batches,Canias connector,SQL view,latest finished batch timestamp,canonical,low,tenant_admin,dev_only,no,
/erp,metrics,Eşleşmiş çalışan,employee_match_pct,computed_metric,PULS integration,puls_calc.erp_readiness_overview,staging plus employees,SQL view,matched external employees divided by total,summary,low,tenant_admin,dev_only,no,
/erp,metrics,Bekleyen güncelleme,pending_update_count,computed_metric,PULS integration,puls_calc.erp_readiness_overview,staging records,SQL view,records changed not canonicalized,summary,low,tenant_admin,dev_only,no,
/erp,config,ERP sistemi,erp_provider,puls_configuration,PULS admin,puls_integration.erp_connections,PULS setup,backend validation,allowed provider enum,canonical,low,tenant_admin,dev_only,no,
/erp,config,Bağlantı yöntemi,connection_method,puls_configuration,PULS admin,puls_integration.erp_connections,PULS setup,backend validation,allowed method enum,canonical,low,tenant_admin,dev_only,no,
/erp,config,API endpoint,api_endpoint,puls_configuration,PULS admin,puls_integration.erp_connections,PULS setup,backend validation,valid URL canonical host,encrypted_or_masked,high,tenant_admin,none,no,Never expose unmasked secrets
/erp,config,API anahtar,api_key_ref,puls_configuration,PULS secret store,puls_integration.erp_connections,Railway or vault,backend validation,secret reference only,secret_ref,forbidden_ui,system,none,no,Store only secret reference in DB
/erp,config,Firma kodu,firm_code,puls_configuration,PULS admin,puls_integration.erp_connections,PULS setup,backend validation,text code,canonical,medium,tenant_admin,dev_only,no,
/erp,config,Otomatik senkron,sync_schedule,puls_configuration,PULS admin,puls_integration.erp_connections,PULS setup,backend validation,cron expression,canonical,low,tenant_admin,dev_only,no,
/erp,config,Senkron yönü,sync_direction,puls_configuration,PULS admin,puls_integration.erp_connections,PULS setup,backend validation,erp_to_puls default,canonical,low,tenant_admin,dev_only,no,Write-back disabled by default
/erp,mapping,PULS alanı,target_field,puls_configuration,PULS admin,puls_integration.erp_field_mappings,PULS setup,backend validation,field exists in allowed matrix,canonical,low,tenant_admin,dev_only,no,
/erp,mapping,ERP alanı,source_field,puls_configuration,PULS admin,puls_integration.erp_field_mappings,Canias schema,backend validation,source field exists or manual mapped,canonical,medium,tenant_admin,dev_only,no,
/erp,mapping,Dönüşüm kuralı,transform_rule,puls_configuration,PULS admin,puls_integration.erp_field_mappings,PULS setup,backend validation,safe transform JSON,canonical,medium,tenant_admin,dev_only,no,
/erp,logs,Senkron logları,sync_logs,external_transaction,PULS integration,puls_integration.erp_sync_batches,Canias connector,Railway worker,batch status and counts,canonical,medium,tenant_admin,dev_only,no,
/sirket-kurulum,company,Şirket adı,company_legal_name,external_master,PULS tenant,puls_core.tenants,PULS admin or ERP,none,,canonical,medium,tenant_admin,dev_only,no,
/sirket-kurulum,company,Ticaret unvanı,company_trade_name,external_master,PULS tenant,puls_core.tenants,PULS admin,none,,canonical,medium,tenant_admin,dev_only,no,
/sirket-kurulum,company,VKN,tax_no,external_master,PULS tenant,puls_core.tenants,PULS admin,backend validation,10 digit format,canonical,high,tenant_admin,dev_only,no,
/sirket-kurulum,company,Sektör,industry,puls_configuration,PULS admin,puls_core.tenants,PULS setup,none,,canonical,low,tenant_admin,dev_only,no,
/sirket-kurulum,company,Dil,locale,puls_configuration,PULS admin,puls_core.tenants,PULS setup,none,,canonical,low,tenant_admin,dev_only,no,
/sirket-kurulum,company,Zaman dilimi,timezone,puls_configuration,PULS admin,puls_core.tenants,PULS setup,none,,canonical,low,tenant_admin,dev_only,no,
/sirket-kurulum,checklist,Kurulum checklist,setup_checklist_items,computed_metric,PULS calculation,puls_calc.setup_readiness_summary,configs plus mappings,SQL view,required setup completion,summary,low,tenant_admin,dev_only,no,
/izin-tanimlari,metrics,İzin tipi sayısı,leave_type_count,computed_metric,PULS calculation,puls_calc.leave_setup_overview,puls_workflow.leave_types,SQL view,COUNT active leave types,view,low,tenant_admin,dev_only,no,
/izin-tanimlari,list,İzin adı,leave_type_name,puls_configuration,PULS admin,puls_workflow.leave_types,PULS setup,backend validation,required unique code,persist_on_submit,low,tenant_admin,dev_only,no,
/izin-tanimlari,list,Hak gün,annual_entitlement,puls_configuration,PULS admin,puls_workflow.leave_types,PULS setup,backend validation,seniority rule or fixed days,persist_on_submit,low,tenant_admin,dev_only,no,
/izin-tanimlari,list,Belge zorunlu,requires_document,puls_configuration,PULS admin,puls_workflow.leave_types,PULS setup,none,,canonical,low,tenant_admin,dev_only,no,
/izin-tanimlari,list,Onay akışı,approval_policy_id,puls_configuration,PULS admin,puls_workflow.approval_policies,PULS setup,backend validation,policy exists,canonical,low,tenant_admin,dev_only,no,
/masraf-kategorileri,metrics,Kategori sayısı,expense_category_count,computed_metric,PULS calculation,puls_calc.expense_setup_overview,puls_workflow.expense_categories,SQL view,COUNT active categories,view,low,tenant_admin,dev_only,no,
/masraf-kategorileri,metrics,Aylık toplam limit,expense_monthly_total_limit,computed_metric,PULS calculation,puls_calc.expense_setup_overview,expense_categories,SQL view,SUM monthly_limit,view,medium,tenant_admin,dev_only,no,
/masraf-kategorileri,list,Kategori adı,expense_category_name,puls_configuration,PULS admin,puls_workflow.expense_categories,PULS setup,backend validation,required unique code,persist_on_submit,low,tenant_admin,dev_only,no,
/masraf-kategorileri,list,Aylık limit,expense_category_monthly_limit,puls_configuration,PULS admin,puls_workflow.expense_categories,PULS setup,backend validation,non negative money,persist_on_submit,medium,tenant_admin,dev_only,no,
/masraf-kategorileri,list,Belge eşiği,receipt_required_over,puls_configuration,PULS admin,puls_workflow.expense_categories,PULS setup,backend validation,non negative money,persist_on_submit,medium,tenant_admin,dev_only,no,
/masraf-kategorileri,list,Muhasebe kodu,erp_account_code,puls_configuration,PULS admin,puls_workflow.expense_categories,ERP accounting mapping,backend validation,text account code,persist_on_submit,medium,tenant_admin,dev_only,optional,
/performans-parametreleri,metrics,Yıl,dashboard_perf_config_year,puls_configuration,PULS admin,puls_performance.performance_config,PULS setup,none,,canonical,low,tenant_admin,dev_only,no,
/performans-parametreleri,list,Yetkinlik şablonu,competency_template_name,puls_configuration,PULS admin,puls_performance.competency_templates,PULS setup,backend validation,active template,persist_on_submit,low,tenant_admin,dev_only,no,
/performans-parametreleri,list,KPI ağırlıkları,kpi_category_weights,puls_configuration,PULS admin,puls_performance.kpi_category_weights,PULS setup,backend validation,total weight equals 100,persist_on_submit,low,tenant_admin,dev_only,no,
/performans-parametreleri,list,Skor bandı,score_bands,puls_configuration,PULS admin,puls_performance.score_bands,PULS setup,backend validation,non overlapping thresholds,persist_on_submit,low,tenant_admin,dev_only,no,
/profil,profile,Ad soyad,profile_full_name,external_master,ERP or HR cache,puls_core.employees,Canias HR,none,,canonical_cache,medium,self,dev_only,no,
/profil,profile,E-posta,profile_email,external_master,Auth or HR,puls_core.employees,Supabase Auth plus HR,none,,canonical_cache,medium,self,dev_only,no,
/profil,profile,Departman,profile_department,reference,PULS canonical,puls_core.departments,Canias HR,SQL join,current employee department,canonical,low,self,dev_only,no,
/profil,profile,Pozisyon,profile_position,reference,PULS canonical,puls_core.positions,Canias HR,SQL join,current employee position,canonical,low,self,dev_only,no,
/profil,summary,İzin bakiyesi,profile_leave_balance,computed_metric,PULS calculation,puls_calc.leave_balance_summary_by_employee,leave_balances,SQL view,current employee balance,view,medium,self,dev_only,no,
/profil,summary,Bekleyen masraf,profile_pending_expense,computed_metric,PULS calculation,puls_calc.expense_overview,expense_claims,SQL view,current employee pending amount,view,medium,self,dev_only,no,
/profil,summary,Performans,profile_performance_summary,computed_metric,PULS calculation,puls_calc.performance_overview,performance_scores,SQL view,current cycle score label,view,medium,self,dev_only,no,
/profil,activity,Son aktiviteler,profile_recent_activity,puls_transaction,PULS audit,puls_audit.audit_logs,app events,SQL view,current actor events,append_only,medium,self,dev_only,no,
/ayarlar,sections,Hesap güvenlik,account_security_settings,puls_configuration,Supabase Auth,auth.users,Supabase Auth,auth provider,,external_managed,medium,self,none,no,PULS UI opens settings but auth source is Supabase
/ayarlar,sections,Tenant ayarları,tenant_settings,puls_configuration,PULS admin,puls_core.tenants,PULS setup,backend validation,tenant config update,canonical,medium,tenant_admin,dev_only,no,
/ayarlar,sections,Bildirim,notification_preferences,puls_configuration,PULS user settings,puls_core.user_preferences,PULS UI,backend validation,per user preferences,canonical,low,self,dev_only,no,
/ayarlar,sections,Dil bölge,locale_preferences,puls_configuration,PULS user settings,puls_core.user_preferences,PULS UI,backend validation,locale and timezone,canonical,low,self,dev_only,no,
/ayarlar,sections,Tema,theme_preference,puls_configuration,PULS user settings,puls_core.user_preferences,PULS UI,frontend,local or user preference,canonical_or_local,low,self,dev_only,no,
/ayarlar,sections,Rol erişim,role_access_summary,computed_metric,PULS auth,puls_calc.access_overview,user_roles plus employees,SQL view,current role matrix,view,medium,self_admin,dev_only,no,
/ayarlar,setup,Kurulum tanımlar hub,setup_hub_visibility,computed_metric,PULS auth and UI,none,persona role plus active persona,frontend plus guard,isSetupAdmin and activePersona manager,not_persisted,low,self,none,no,RLS still backend role based
/ayarlar,audit,Audit log özeti,audit_log_summary,computed_metric,PULS audit,puls_audit.audit_logs,app events,SQL view,last 30 days sensitive actions,view,medium,tenant_admin,dev_only,no,
/menu,profile,Profil kartı,menu_profile_card,computed_metric,PULS calculation,puls_calc.menu_overview,employees plus tenants,SQL view,current employee and tenant,view,medium,self,dev_only,no,
/menu,metrics,Tenant metrikleri,menu_tenant_metrics,computed_metric,PULS calculation,puls_calc.menu_overview,employees departments positions,SQL view,tenant counts,view,low,self,dev_only,no,
/menu,navigation,Modül listesi,role_based_menu_items,computed_metric,PULS auth and UI,none,user_roles plus employees,frontend,filter by persona and active mode,not_persisted,low,self,none,no,Navigation visibility is UX not security boundary
/menu,ai,AI Koç teaser,ai_coach_teaser_state,puls_configuration,Feature flag,puls_core.feature_flags,PULS admin,frontend,ai_coach_enabled false,canonical,low,self,dev_only,no,No active chat in this phase
/ai-koc,hero,AI durum,ai_coach_status,puls_configuration,Feature flag,puls_core.feature_flags,PULS admin,frontend,ai_coach_enabled false,canonical,low,self,dev_only,no,V1 teaser only
/ai-koc,privacy,Gizlilik mesajı,ai_privacy_message,puls_configuration,PULS product copy,frontend copy,none,frontend,static product copy,not_persisted,low,self,none,no,
/ai-koc,readiness,Vault şeması,vault_schema_status,computed_metric,PULS platform,puls_vault.conversation_messages,migration state,SQL view,schema exists and disabled state,view,low,tenant_admin,dev_only,no,No message writes until AI enabled
/ai-koc,notify,Beni bilgilendir,ai_notify_request,puls_transaction,PULS workflow,puls_core.feature_interest_requests,PULS UI,backend validation,optional waitlist request,canonical,medium,self,dev_only,no,Only if product decides real waitlist
